Filename, Fuzzy Messages, Total Messages, Fuzzy Words, Total Words, Achievement
l10n/po/zh_CN/_posts/insights_1_transcription.adoc.po, 0, 254, 0, 8846 ,100%
l10n/po/zh_CN/_posts/insights_0_transcription.adoc.po, 0, 117, 0, 3765 ,100%
l10n/po/zh_CN/_posts/2022-08-30-solving-problems-with-extensions-2.adoc.po, 0, 67, 0, 1083 ,100%
l10n/po/zh_CN/_posts/2022-08-30-kafka-serde.adoc.po, 0, 75, 0, 1255 ,100%
l10n/po/zh_CN/_posts/2022-08-26-intellij-quarkus-tools-1.12.0.adoc.po, 0, 18, 0, 251 ,100%
l10n/po/zh_CN/_posts/2022-08-25-l10n-of-quarkusio.adoc.po, 0, 14, 0, 230 ,100%
l10n/po/zh_CN/_posts/2022-08-24-quarkus-2-11-3-final-released.adoc.po, 0, 16, 0, 159 ,100%
l10n/po/zh_CN/_posts/2022-08-17-quarkus-newsletter-23.adoc.po, 0, 7, 0, 238 ,100%
l10n/po/zh_CN/_posts/2022-08-08-quarkus-2-11-2-final-released.adoc.po, 0, 18, 0, 241 ,100%
l10n/po/zh_CN/_posts/2022-07-27-quarkus-2-11-1-final-released.adoc.po, 0, 53, 0, 924 ,100%
l10n/po/zh_CN/_posts/2022-07-19-quarkus-insights-qanda4.adoc.po, 0, 7, 0, 122 ,100%
l10n/po/zh_CN/_posts/2022-07-19-quarkus-2-10-3-final-released.adoc.po, 0, 17, 0, 265 ,100%
l10n/po/zh_CN/_posts/2022-07-15-stork-load-balancing.adoc.po, 0, 71, 0, 1214 ,100%
l10n/po/zh_CN/_posts/2022-07-14-quarkus-newsletter-22.adoc.po, 0, 7, 0, 251 ,100%
l10n/po/zh_CN/_posts/2022-07-06-quarkus-2-10-2-final-released.adoc.po, 0, 14, 0, 162 ,100%
l10n/po/zh_CN/_posts/2022-06-29-quarkus-2-10-1-final-released.adoc.po, 0, 14, 0, 150 ,100%
l10n/po/zh_CN/_posts/2022-06-29-nativejdb-debugger-for-native-images.adoc.po, 0, 52, 0, 1306 ,100%
l10n/po/zh_CN/_posts/2022-06-22-quarkus-2-10-0-final-released.adoc.po, 0, 51, 0, 735 ,100%
l10n/po/zh_CN/_posts/2022-06-21-qute-templates-from-db.adoc.po, 0, 65, 0, 1124 ,100%
l10n/po/zh_CN/_posts/2022-06-13-quarkus-newsletter-21.adoc.po, 0, 7, 0, 259 ,100%
l10n/po/zh_CN/_posts/2022-05-31-banco-do-brasil-open-banking-user-story.adoc.po, 0, 100, 0, 2140 ,100%
l10n/po/zh_CN/_posts/2022-05-25-quarkus-2-9-2-final-released.adoc.po, 0, 14, 0, 161 ,100%
l10n/po/zh_CN/_posts/2022-05-23-intellij-quarkus-tools-1.11.0.adoc.po, 0, 57, 0, 669 ,100%
l10n/po/zh_CN/_posts/2022-05-19-quinoa-modern-ui-with-no-hassle.adoc.po, 0, 35, 0, 872 ,100%
l10n/po/zh_CN/_posts/2022-05-17-quarkus-2-9-1-final-released.adoc.po, 0, 14, 0, 155 ,100%
l10n/po/zh_CN/_posts/2022-05-13-quarkus-newsletter-20.adoc.po, 0, 8, 0, 286 ,100%
l10n/po/zh_CN/_posts/2022-05-11-quarkus-2-9-0-final-released.adoc.po, 0, 58, 0, 813 ,100%
l10n/po/zh_CN/_posts/2022-05-06-quarkus-2-8-3-final-released.adoc.po, 0, 14, 0, 161 ,100%
l10n/po/zh_CN/_posts/2022-04-27-monitoring-quarkus-jvm-mode-with-cryostat.adoc.po, 0, 52, 0, 1216 ,100%
l10n/po/zh_CN/_posts/2022-04-26-quarkus-2-8-2-final-released.adoc.po, 0, 14, 0, 149 ,100%
l10n/po/zh_CN/_posts/2022-04-20-solving-problems-with-extensions.adoc.po, 0, 77, 0, 1324 ,100%
l10n/po/zh_CN/_posts/2022-04-19-quarkus-2-8-1-final-released.adoc.po, 0, 14, 0, 149 ,100%
l10n/po/zh_CN/_posts/2022-04-14-quarkus-newsletter-19.adoc.po, 0, 6, 0, 223 ,100%
l10n/po/zh_CN/_posts/2022-04-12-quarkus-2-8-0-final-released.adoc.po, 0, 48, 0, 827 ,100%
l10n/po/zh_CN/_posts/2022-04-05-camel-quarkus-effortless-apis.adoc.po, 0, 153, 0, 2651 ,100%
l10n/po/zh_CN/_posts/2022-04-04-vscode-quarkus-1.10.0-qute.adoc.po, 0, 104, 0, 1357 ,100%
l10n/po/zh_CN/_posts/2022-03-28-vscode-quarkus-1.10.0.adoc.po, 0, 55, 0, 971 ,100%
l10n/po/zh_CN/_posts/2022-03-17-quarkus-newsletter-18.adoc.po, 0, 6, 0, 194 ,100%
l10n/po/zh_CN/_posts/2022-03-16-quarkus-2-7-5-final-released.adoc.po, 0, 14, 0, 149 ,100%
l10n/po/zh_CN/_posts/2022-03-09-quarkus-2-7-4-final-released.adoc.po, 0, 14, 0, 150 ,100%
l10n/po/zh_CN/_posts/2022-03-08-intellij-quarkus-tools-1.10.0.adoc.po, 0, 19, 0, 241 ,100%
l10n/po/zh_CN/_posts/2022-03-02-quarkus-2-7-3-final-released.adoc.po, 0, 15, 0, 162 ,100%
l10n/po/zh_CN/_posts/2022-02-23-quarkus-newsletter-17.adoc.po, 0, 6, 0, 202 ,100%
l10n/po/zh_CN/_posts/2022-02-23-quarkus-2-7-2-final-released.adoc.po, 0, 18, 0, 216 ,100%
l10n/po/zh_CN/_posts/2022-02-22-quarkus-superheroes-to-the-rescue.adoc.po, 0, 100, 0, 2402 ,100%
l10n/po/zh_CN/_posts/2022-02-17-stork-kubernetes-discovery.adoc.po, 0, 50, 0, 825 ,100%
l10n/po/zh_CN/_posts/2022-02-08-quarkus-2-7-1-final-released.adoc.po, 0, 21, 0, 243 ,100%
l10n/po/zh_CN/_posts/2022-02-04-quarkusworldtour-2022.adoc.po, 0, 17, 0, 282 ,100%
l10n/po/zh_CN/_posts/2022-02-02-quarkus-2-7-0-final-released.adoc.po, 0, 73, 0, 998 ,100%
l10n/po/zh_CN/_posts/2022-01-20-quarkus-2-6-3-final-released.adoc.po, 0, 14, 0, 150 ,100%
l10n/po/zh_CN/_posts/2022-01-13-quarkus-newsletter-16.adoc.po, 0, 6, 0, 168 ,100%
l10n/po/zh_CN/_posts/2022-01-13-quarkus-insights-qanda3.adoc.po, 0, 6, 0, 100 ,100%
l10n/po/zh_CN/_posts/2022-01-13-quarkus-aws-cloudwatch_extension.adoc.po, 0, 54, 0, 1311 ,100%
l10n/po/zh_CN/_posts/2022-01-10-quarkus-2-6-2-final-released.adoc.po, 0, 18, 0, 265 ,100%
l10n/po/zh_CN/_posts/2021-12-24-quarkus-2-6-1-final-released.adoc.po, 0, 16, 0, 234 ,100%
l10n/po/zh_CN/_posts/2021-12-22-quarkus-2-6-0-final-released.adoc.po, 0, 63, 0, 1103 ,100%
l10n/po/zh_CN/_posts/2021-12-20-upx.adoc.po, 0, 50, 0, 876 ,100%
l10n/po/zh_CN/_posts/2021-12-20-quarkus-2-5-4-final-released.adoc.po, 0, 20, 0, 235 ,100%
l10n/po/zh_CN/_posts/2021-12-16-quarkus-newsletter-15.adoc.po, 0, 6, 0, 171 ,100%
l10n/po/zh_CN/_posts/2021-12-15-quarkus-and-CVE-2021-4428.adoc.po, 0, 19, 0, 601 ,100%
l10n/po/zh_CN/_posts/2021-12-15-quarkus-2-5-3-final-released.adoc.po, 0, 14, 0, 153 ,100%
l10n/po/zh_CN/_posts/2021-12-10-quarkus-2-5-2-final-released.adoc.po, 0, 14, 0, 153 ,100%
l10n/po/zh_CN/_posts/2021-12-03-quarkus-devservices-testcontainers-podman.adoc.po, 0, 37, 0, 751 ,100%
l10n/po/zh_CN/_posts/2021-12-03-intellij-quarkus-tools-1.9.0.adoc.po, 0, 13, 0, 152 ,100%
l10n/po/zh_CN/_posts/2021-12-02-website-and-discussions.adoc.po, 0, 22, 0, 451 ,100%
l10n/po/zh_CN/_posts/2021-12-02-logicdrop-automating-quarkus-with-gitlab.adoc.po, 0, 161, 0, 1972 ,100%
l10n/po/zh_CN/_posts/2021-12-01-quarkus-2-5-1-final-released.adoc.po, 0, 14, 0, 153 ,100%
l10n/po/zh_CN/_posts/2021-11-30-quarkus-native-neo4j-call-tree.adoc.po, 0, 61, 0, 1475 ,100%
l10n/po/zh_CN/_posts/2021-11-24-quarkus-2-5-0-final-released.adoc.po, 0, 57, 0, 746 ,100%
l10n/po/zh_CN/_posts/2021-11-23-smallrye-stork-intro.adoc.po, 0, 33, 0, 734 ,100%
l10n/po/zh_CN/_posts/2021-11-12-quarkus-2-4-2-final-released.adoc.po, 0, 14, 0, 153 ,100%
l10n/po/zh_CN/_posts/2021-11-11-quarkus-newsletter-14.adoc.po, 0, 6, 0, 158 ,100%
l10n/po/zh_CN/_posts/2021-11-03-quarkus-2-4-1-final-released.adoc.po, 0, 14, 0, 153 ,100%
l10n/po/zh_CN/_posts/2021-10-27-quarkus-2-4-0-final-released.adoc.po, 0, 31, 0, 501 ,100%
l10n/po/zh_CN/_posts/2021-10-25-intellij-quarkus-tools-1.8.0.adoc.po, 0, 22, 0, 215 ,100%
l10n/po/zh_CN/_posts/2021-10-20-quarkus-2-3-1-final-released.adoc.po, 0, 14, 0, 153 ,100%
l10n/po/zh_CN/_posts/2021-10-18-quarkus-newsletter-13.adoc.po, 0, 6, 0, 183 ,100%
l10n/po/zh_CN/_posts/2021-10-06-quarkus-2-3-0-final-released.adoc.po, 0, 28, 0, 464 ,100%
l10n/po/zh_CN/_posts/2021-09-23-unused-beans.adoc.po, 0, 26, 0, 698 ,100%
l10n/po/zh_CN/_posts/2021-09-20-logicdrop-customer-story.adoc.po, 0, 99, 0, 1435 ,100%
l10n/po/zh_CN/_posts/2021-09-18-quarkus-newsletter-13.adoc.po, 0, 6, 0, 183 ,100%
l10n/po/zh_CN/_posts/2021-09-16-quarkus-2-2-3-final-released.adoc.po, 0, 14, 0, 156 ,100%
l10n/po/zh_CN/_posts/2021-09-15-adoptium-customer-story.adoc.po, 0, 37, 0, 1196 ,100%
l10n/po/zh_CN/_posts/2021-09-14-quarkus-newsletter-12.adoc.po, 0, 6, 0, 155 ,100%
l10n/po/zh_CN/_posts/2021-09-13-decathlon-user-story.adoc.po, 0, 90, 0, 2828 ,100%
l10n/po/zh_CN/_posts/2021-09-07-quarkus-2-2-2-final-released.adoc.po, 0, 14, 0, 153 ,100%
l10n/po/zh_CN/_posts/2021-09-01-using-lra.adoc.po, 0, 123, 0, 2642 ,100%
l10n/po/zh_CN/_posts/2021-08-31-quarkus-2-2-1-final-released.adoc.po, 0, 44, 0, 642 ,100%
l10n/po/zh_CN/_posts/2021-08-26-quarkus-2-1-4-final-released.adoc.po, 0, 14, 0, 151 ,100%
l10n/po/zh_CN/_posts/2021-08-23-resteasy-reactive-smart-dispatch.adoc.po, 0, 86, 0, 1487 ,100%
l10n/po/zh_CN/_posts/2021-08-20-quarkus-newsletter-11.adoc.po, 0, 6, 0, 151 ,100%
l10n/po/zh_CN/_posts/2021-08-20-60th-quarkus-insights.adoc.po, 0, 11, 0, 189 ,100%
l10n/po/zh_CN/_posts/2021-08-19-quarkus-2-1-3-final-released.adoc.po, 0, 14, 0, 148 ,100%
l10n/po/zh_CN/_posts/2021-08-11-quarkus-2-1-2-final-released.adoc.po, 0, 14, 0, 148 ,100%
l10n/po/zh_CN/_posts/2021-08-04-quarkus-2-1-1-final-released.adoc.po, 0, 14, 0, 148 ,100%
l10n/po/zh_CN/_posts/2021-07-30-quarkus-2x-platform-quarkiverse-registry.adoc.po, 0, 40, 0, 1001 ,100%
l10n/po/zh_CN/_posts/2021-07-29-quarkus-2-1-0-final-released.adoc.po, 0, 26, 0, 431 ,100%
l10n/po/zh_CN/_posts/2021-07-22-quarkus-2-0-3-final-released.adoc.po, 0, 14, 0, 149 ,100%
l10n/po/zh_CN/_posts/2021-07-16-quarkus-newsletter-10.adoc.po, 0, 6, 0, 175 ,100%
l10n/po/zh_CN/_posts/2021-07-13-quarkus-2-0-2-final-released.adoc.po, 0, 14, 0, 155 ,100%
l10n/po/zh_CN/_posts/2021-07-07-quarkus-2-0-1-final-released.adoc.po, 0, 14, 0, 148 ,100%
l10n/po/zh_CN/_posts/2021-06-30-quarkus-2-0-0-final-released.adoc.po, 0, 61, 0, 1153 ,100%
l10n/po/zh_CN/_posts/2021-06-22-calling-all-roadies.adoc.po, 0, 34, 0, 377 ,100%
l10n/po/zh_CN/_posts/2021-06-22-abraxas-customer-story.adoc.po, 0, 56, 0, 1144 ,100%
l10n/po/zh_CN/_posts/2021-06-09-quarkus-1-13-7-final-released.adoc.po, 0, 17, 0, 184 ,100%
l10n/po/zh_CN/_posts/2021-06-08-quarkus-deploys-apps-on-openshift.adoc.po, 0, 90, 0, 2754 ,100%
l10n/po/zh_CN/_posts/2021-06-04-quarkus-2-0-0-cr3-released.adoc.po, 0, 21, 0, 215 ,100%
l10n/po/zh_CN/_posts/2021-05-27-quarkus-insights-qanda2.adoc.po, 0, 5, 0, 117 ,100%
l10n/po/zh_CN/_posts/2021-05-27-quarkus-2-0-0-cr2-released.adoc.po, 0, 24, 0, 275 ,100%
l10n/po/zh_CN/_posts/2021-05-27-quarkus-1-13-6-final-released.adoc.po, 0, 16, 0, 176 ,100%
l10n/po/zh_CN/_posts/2021-05-26-quarkus-1-13-5-final-released.adoc.po, 0, 19, 0, 201 ,100%
l10n/po/zh_CN/_posts/2021-05-20-quarkus-2-0-0-alpha3-released.adoc.po, 0, 26, 0, 218 ,100%
l10n/po/zh_CN/_posts/2021-05-12-quarkus-1-13-4-final-released.adoc.po, 0, 15, 0, 150 ,100%
l10n/po/zh_CN/_posts/2021-05-06-quarkus-2-0-0-alpha2-released.adoc.po, 0, 23, 0, 245 ,100%
l10n/po/zh_CN/_posts/2021-04-28-quarkus-1-13-3-final-released.adoc.po, 0, 15, 0, 150 ,100%
l10n/po/zh_CN/_posts/2021-04-22-quarkus-2-0-0-alpha1-released.adoc.po, 0, 43, 0, 755 ,100%
l10n/po/zh_CN/_posts/2021-04-20-solving-problems-with-custom-extensions.adoc.po, 0, 67, 0, 1185 ,100%
l10n/po/zh_CN/_posts/2021-04-15-gui-react-patternfly.adoc.po, 0, 75, 0, 1270 ,100%
l10n/po/zh_CN/_posts/2021-04-14-quarkus-1-13-2-final-released.adoc.po, 0, 22, 0, 255 ,100%
l10n/po/zh_CN/_posts/2021-04-07-quarkus-1-13-1-final-released.adoc.po, 0, 19, 0, 266 ,100%
l10n/po/zh_CN/_posts/2021-03-30-quarkus-1-13-0-final-released.adoc.po, 0, 60, 0, 1021 ,100%
l10n/po/zh_CN/_posts/2021-03-15-micrometer-prometheus-openshift.adoc.po, 0, 59, 0, 897 ,100%
l10n/po/zh_CN/_posts/2021-03-11-quarkus-1-12-2-final-released.adoc.po, 0, 19, 0, 192 ,100%
l10n/po/zh_CN/_posts/2021-03-11-ja-quarkus-io.adoc.po, 0, 6, 0, 147 ,100%
l10n/po/zh_CN/_posts/2021-03-04-path-resolution-in-quarkus.adoc.po, 0, 83, 0, 1697 ,100%
l10n/po/zh_CN/_posts/2021-03-03-quarkus-1-12-1-final-released.adoc.po, 0, 16, 0, 154 ,100%
l10n/po/zh_CN/_posts/2021-02-25-migrating-existing-apps-to-quarkus-with-mta.adoc.po, 0, 14, 0, 521 ,100%
l10n/po/zh_CN/_posts/2021-02-23-quarkus-1-12-0-final-released.adoc.po, 0, 55, 0, 787 ,100%
l10n/po/zh_CN/_posts/2021-02-17-intellij-quarkus-tools-1.4.0.adoc.po, 0, 12, 0, 112 ,100%
l10n/po/zh_CN/_posts/2021-02-11-quarkus-1-11-3-final-released.adoc.po, 0, 13, 0, 162 ,100%
l10n/po/zh_CN/_posts/2021-02-10-resteasy-reactive-faq.adoc.po, 0, 60, 0, 2097 ,100%
l10n/po/zh_CN/_posts/2021-02-09-quarkus-1-11-2-final-released.adoc.po, 0, 18, 0, 168 ,100%
l10n/po/zh_CN/_posts/2021-02-02-quarkus-insights-qanda.adoc.po, 0, 6, 0, 100 ,100%
l10n/po/zh_CN/_posts/2021-02-02-getting-started-amqp.adoc.po, 0, 89, 0, 1347 ,100%
l10n/po/zh_CN/_posts/2021-01-27-quarkus-1-11-1-final-released.adoc.po, 0, 19, 0, 194 ,100%
l10n/po/zh_CN/_posts/2021-01-26-quarkus-newsletter-9.adoc.po, 0, 5, 0, 101 ,100%
l10n/po/zh_CN/_posts/2021-01-20-quarkus-1-11-0-final-released.adoc.po, 0, 88, 0, 1305 ,100%
l10n/po/zh_CN/_posts/2021-01-18-getting-started-kafka.adoc.po, 0, 78, 0, 1277 ,100%
l10n/po/zh_CN/_posts/2021-01-15-intellij-quarkus-tools-1.3.0.adoc.po, 0, 12, 0, 102 ,100%
l10n/po/zh_CN/_posts/2021-01-12-magic-control.adoc.po, 0, 84, 0, 1445 ,100%
l10n/po/zh_CN/_posts/2020-12-16-quarkus-1-10-5-final-released.adoc.po, 0, 16, 0, 171 ,100%
l10n/po/zh_CN/_posts/2020-12-08-resteasy-reactive.adoc.po, 0, 69, 0, 1677 ,100%
l10n/po/zh_CN/_posts/2020-12-08-quarkus-1-10-3-final-released.adoc.po, 0, 16, 0, 165 ,100%
l10n/po/zh_CN/_posts/2020-12-08-avro-native.adoc.po, 0, 28, 0, 518 ,100%
l10n/po/zh_CN/_posts/2020-12-07-extension-codestarts-a-new-way-to-learn-and-discover-quarkus.adoc.po, 0, 28, 0, 444 ,100%
l10n/po/zh_CN/_posts/2020-12-03-quarkiverse.adoc.po, 0, 40, 0, 640 ,100%
l10n/po/zh_CN/_posts/2020-12-01-quarkus-1-10-2-final-released.adoc.po, 0, 74, 0, 1005 ,100%
l10n/po/zh_CN/_posts/2020-12-01-kafka-cloud-events.adoc.po, 0, 44, 0, 1294 ,100%
l10n/po/zh_CN/_posts/2020-11-25-stylish-api.adoc.po, 0, 79, 0, 727 ,100%
l10n/po/zh_CN/_posts/2020-11-24-mutiny-vertx.adoc.po, 0, 58, 0, 1154 ,100%
l10n/po/zh_CN/_posts/2020-11-10-mutiny-invoke-and-call.adoc.po, 0, 44, 0, 644 ,100%
l10n/po/zh_CN/_posts/2020-11-05-quarkus-1-9-2-final-released.adoc.po, 0, 15, 0, 162 ,100%
l10n/po/zh_CN/_posts/2020-11-03-kafka-commit-strategies.adoc.po, 0, 50, 0, 1497 ,100%
l10n/po/zh_CN/_posts/2020-11-02-quarkus-native-on-a-raspberry-pi.adoc.po, 0, 176, 0, 2756 ,100%
l10n/po/zh_CN/_posts/2020-10-28-quarkus-1-9-1-final-released.adoc.po, 0, 15, 0, 163 ,100%
l10n/po/zh_CN/_posts/2020-10-27-mutiny-back-pressure.adoc.po, 0, 78, 0, 1638 ,100%
l10n/po/zh_CN/_posts/2020-10-27-experimental_graphql.adoc.po, 0, 170, 0, 1964 ,100%
l10n/po/zh_CN/_posts/2020-10-21-quarkus-1-9-0-final-released.adoc.po, 0, 59, 0, 998 ,100%
l10n/po/zh_CN/_posts/2020-10-20-kafka-failure-strategy.adoc.po, 0, 62, 0, 1358 ,100%
l10n/po/zh_CN/_posts/2020-10-19-micrometer-metrics.adoc.po, 0, 24, 0, 713 ,100%
l10n/po/zh_CN/_posts/2020-10-13-uni-retry.adoc.po, 0, 44, 0, 896 ,100%
l10n/po/zh_CN/_posts/2020-10-12-intellij-quarkus-tools-1.2.0.adoc.po, 0, 37, 0, 224 ,100%
l10n/po/zh_CN/_posts/2020-10-09-quarkus-1-8-3-final-released.adoc.po, 0, 15, 0, 169 ,100%
l10n/po/zh_CN/_posts/2020-10-06-reactive-messaging-emitter.adoc.po, 0, 34, 0, 735 ,100%
l10n/po/zh_CN/_posts/2020-10-06-quarkus-1-8-2-final-released.adoc.po, 0, 14, 0, 147 ,100%
l10n/po/zh_CN/_posts/2020-10-05-contributing-for-the-first-time.adoc.po, 0, 79, 0, 1808 ,100%
l10n/po/zh_CN/_posts/2020-09-30-biased-locking-help.adoc.po, 0, 36, 0, 909 ,100%
l10n/po/zh_CN/_posts/2020-09-29-mutiny-concurrent-uni.adoc.po, 0, 30, 0, 556 ,100%
l10n/po/zh_CN/_posts/2020-09-28-quarkus-newsletter-8.adoc.po, 0, 8, 0, 157 ,100%
l10n/po/zh_CN/_posts/2020-09-23-cytech-customer-story.adoc.po, 0, 21, 0, 1392 ,100%
l10n/po/zh_CN/_posts/2020-09-22-kafka-avro.adoc.po, 0, 100, 0, 1372 ,100%
l10n/po/zh_CN/_posts/2020-09-18-quarkus-1-8-1-final-released.adoc.po, 0, 19, 0, 225 ,100%
l10n/po/zh_CN/_posts/2020-09-17-intellij-quarkus-tools-1.1.0.adoc.po, 0, 18, 0, 109 ,100%
l10n/po/zh_CN/_posts/2020-09-15-quarkus-1-8-0-final-released.adoc.po, 0, 51, 0, 851 ,100%
l10n/po/zh_CN/_posts/2020-09-15-mutiny-pagination.adoc.po, 0, 47, 0, 947 ,100%
l10n/po/zh_CN/_posts/2020-09-14-wipro-customer-story.adoc.po, 0, 34, 0, 1232 ,100%
l10n/po/zh_CN/_posts/2020-09-09-quarkus-1-7-3-final-released.adoc.po, 0, 15, 0, 158 ,100%
l10n/po/zh_CN/_posts/2020-09-08-kafka-rest-client.adoc.po, 0, 49, 0, 1045 ,100%
l10n/po/zh_CN/_posts/2020-09-03-quarkus-1-7-2-final-released.adoc.po, 0, 14, 0, 145 ,100%
l10n/po/zh_CN/_posts/2020-09-02-mutiny-redis.adoc.po, 0, 50, 0, 1004 ,100%
l10n/po/zh_CN/_posts/2020-08-29-quarkus-hackathon-winners-announced.adoc.po, 0, 18, 0, 125 ,100%
l10n/po/zh_CN/_posts/2020-08-27-quarkus-1-7-1-final-released.adoc.po, 0, 15, 0, 155 ,100%
l10n/po/zh_CN/_posts/2020-08-25-quarkus-day-2020.adoc.po, 0, 16, 0, 383 ,100%
l10n/po/zh_CN/_posts/2020-08-25-backports-application.adoc.po, 0, 58, 0, 878 ,100%
l10n/po/zh_CN/_posts/2020-08-24-mutiny-failure-handling.adoc.po, 0, 33, 0, 656 ,100%
l10n/po/zh_CN/_posts/2020-08-20-codestarts-preview.adoc.po, 0, 38, 0, 667 ,100%
l10n/po/zh_CN/_posts/2020-08-19-openapi-for-everyone.adoc.po, 0, 96, 0, 1995 ,100%
l10n/po/zh_CN/_posts/2020-08-18-quarkus-hackathon-finalist-announcement.adoc.po, 0, 22, 0, 164 ,100%
l10n/po/zh_CN/_posts/2020-08-13-quarkus-1-7-0-final-released.adoc.po, 0, 64, 0, 993 ,100%
l10n/po/zh_CN/_posts/2020-07-21-quarkus-1-6-1-final-released.adoc.po, 0, 16, 0, 220 ,100%
l10n/po/zh_CN/_posts/2020-07-10-quarkus-test-profiles.adoc.po, 0, 24, 0, 599 ,100%
l10n/po/zh_CN/_posts/2020-07-09-quarkus-cassandra-extension-released.adoc.po, 0, 26, 0, 554 ,100%
l10n/po/zh_CN/_posts/2020-07-08-quarkus-1-6-0-final-released.adoc.po, 0, 88, 0, 1401 ,100%
l10n/po/zh_CN/_posts/2020-06-25-quarkus-newsletter-7.adoc.po, 0, 5, 0, 113 ,100%
l10n/po/zh_CN/_posts/2020-06-25-quarkus-grpc.adoc.po, 0, 39, 0, 478 ,100%
l10n/po/zh_CN/_posts/2020-06-24-intellij-quarkus-tools-1.0.0.adoc.po, 0, 50, 0, 392 ,100%
l10n/po/zh_CN/_posts/2020-06-23-supersonic-subatomic-graphql.adoc.po, 0, 106, 0, 1461 ,100%
l10n/po/zh_CN/_posts/2020-06-18-quarkus-1-5-2-final-released.adoc.po, 0, 16, 0, 181 ,100%
l10n/po/zh_CN/_posts/2020-06-15-quarkus-hackathon-announcement.adoc.po, 0, 29, 0, 324 ,100%
l10n/po/zh_CN/_posts/2020-06-11-quarkus-1-5-1-final-released.adoc.po, 0, 13, 0, 125 ,100%
l10n/po/zh_CN/_posts/2020-06-03-quarkus-1-5-final-released.adoc.po, 0, 70, 0, 856 ,100%
l10n/po/zh_CN/_posts/2020-05-20-insights-4-5.adoc.po, 0, 9, 0, 145 ,100%
l10n/po/zh_CN/_posts/2020-05-20-insights-3.adoc.po, 0, 12, 0, 208 ,100%
l10n/po/zh_CN/_posts/2020-05-15-insights-2.adoc.po, 0, 8, 0, 148 ,100%
l10n/po/zh_CN/_posts/2020-05-12-native-command-mode-tools.adoc.po, 0, 47, 0, 1238 ,100%
l10n/po/zh_CN/_posts/2020-05-08-insights-1.adoc.po, 0, 13, 0, 212 ,100%
l10n/po/zh_CN/_posts/2020-05-07-quarkus-newsletter-6.adoc.po, 0, 6, 0, 175 ,100%
l10n/po/zh_CN/_posts/2020-05-06-sedona-rewrites-insurance-premium.adoc.po, 0, 58, 0, 1836 ,100%
l10n/po/zh_CN/_posts/2020-05-05-quarkus-1-4-2-final-released.adoc.po, 0, 13, 0, 125 ,100%
l10n/po/zh_CN/_posts/2020-05-05-introducing-command-mode.adoc.po, 0, 44, 0, 727 ,100%
l10n/po/zh_CN/_posts/2020-04-30-insights.adoc.po, 0, 17, 0, 280 ,100%
l10n/po/zh_CN/_posts/2020-04-29-mocking.adoc.po, 0, 91, 0, 1446 ,100%
l10n/po/zh_CN/_posts/2020-04-28-quarkus-mutual-tls.adoc.po, 0, 120, 0, 1140 ,100%
l10n/po/zh_CN/_posts/2020-04-28-eclipse-quarkus-tools-4.15.0.Final.adoc.po, 0, 52, 0, 462 ,100%
l10n/po/zh_CN/_posts/2020-04-27-quarkus-1-4-final-released.adoc.po, 0, 66, 0, 888 ,100%
l10n/po/zh_CN/_posts/2020-04-24-quarkus-summit-2020.adoc.po, 0, 57, 0, 543 ,100%
l10n/po/zh_CN/_posts/2020-04-21-io-thread-benchmark.adoc.po, 0, 65, 0, 1627 ,100%
l10n/po/zh_CN/_posts/2020-04-15-vscode-quarkus-1.4.0.adoc.po, 0, 64, 0, 682 ,100%
l10n/po/zh_CN/_posts/2020-04-08-quarkus-1-3-2-final-released.adoc.po, 0, 16, 0, 172 ,100%
l10n/po/zh_CN/_posts/2020-03-28-quarkus-1-3-1-final-released.adoc.po, 0, 23, 0, 351 ,100%
l10n/po/zh_CN/_posts/2020-03-23-quarkus-eclipse-microprofile-3-3.adoc.po, 0, 29, 0, 523 ,100%
l10n/po/zh_CN/_posts/2020-03-19-quarkus-1-3-0-final-released.adoc.po, 0, 97, 0, 1387 ,100%
l10n/po/zh_CN/_posts/2020-03-19-eclipse-got-quarkused.adoc.po, 0, 106, 0, 1385 ,100%
l10n/po/zh_CN/_posts/2020-03-16-ennovativesolutions-uses-quarkus-with-aws-lambda.adoc.po, 0, 64, 0, 1729 ,100%
l10n/po/zh_CN/_posts/2020-02-26-quarkus-newsletter-5.adoc.po, 0, 5, 0, 109 ,100%
l10n/po/zh_CN/_posts/2020-02-24-qute.adoc.po, 0, 61, 0, 1138 ,100%
l10n/po/zh_CN/_posts/2020-02-19-quarkus-1-2-1-final-released.adoc.po, 0, 15, 0, 169 ,100%
l10n/po/zh_CN/_posts/2020-02-17-aviatar-experiences-significant-savings.adoc.po, 0, 35, 0, 1521 ,100%
l10n/po/zh_CN/_posts/2020-02-10-asiakastieto-chooses-quarkus-for-microservices.adoc.po, 0, 39, 0, 1476 ,100%
l10n/po/zh_CN/_posts/2020-01-28-vscode-quarkus-1.3.0.adoc.po, 0, 106, 0, 1211 ,100%
l10n/po/zh_CN/_posts/2020-01-28-quarkus-1-2-0-final-released.adoc.po, 0, 74, 0, 1049 ,100%
l10n/po/zh_CN/_posts/2020-01-24-quarkus-wins-devies-award.adoc.po, 0, 9, 0, 360 ,100%
l10n/po/zh_CN/_posts/2020-01-23-quarkus-fault-tolerance-4-0.adoc.po, 0, 9, 0, 228 ,100%
l10n/po/zh_CN/_posts/2020-01-21-quarkus-eclipse-microprofile-3-2-compatible.adoc.po, 0, 7, 0, 305 ,100%
l10n/po/zh_CN/_posts/2020-01-21-march-of-ides.adoc.po, 0, 58, 0, 404 ,100%
l10n/po/zh_CN/_posts/2020-01-20-sentry-the-guardian-of-your-quarkus-app.adoc.po, 0, 39, 0, 598 ,100%
l10n/po/zh_CN/_posts/2020-01-14-quarkus-newsletter-4.adoc.po, 0, 6, 0, 126 ,100%
l10n/po/zh_CN/_posts/2020-01-07-quarkus-1-1-1-final-released.adoc.po, 0, 21, 0, 278 ,100%
l10n/po/zh_CN/_posts/2019-12-23-quarkus-1-1-0-final-released.adoc.po, 0, 57, 0, 1130 ,100%
l10n/po/zh_CN/_posts/2019-12-18-why-graalvm-19-2.adoc.po, 0, 24, 0, 752 ,100%
l10n/po/zh_CN/_posts/2019-12-16-quarkus-newsletter-3.adoc.po, 0, 6, 0, 117 ,100%
l10n/po/zh_CN/_posts/2019-12-11-talkdesk-chooses-quarkus-for-fast-innovation.adoc.po, 0, 48, 0, 1359 ,100%
l10n/po/zh_CN/_posts/2019-11-28-quarkus-1-0-1-final-released.adoc.po, 0, 18, 0, 197 ,100%
l10n/po/zh_CN/_posts/2019-11-25-quarkus-1-0-0-Final-bits-are-here.adoc.po, 0, 34, 0, 982 ,100%
l10n/po/zh_CN/_posts/2019-11-21-vscode-quarkus-1.2.0.adoc.po, 0, 71, 0, 1032 ,100%
l10n/po/zh_CN/_posts/2019-11-20-quarkus-1-0-0-CR2-released.adoc.po, 0, 18, 0, 323 ,100%
l10n/po/zh_CN/_posts/2019-11-18-quarkus-newsletter-2.adoc.po, 0, 6, 0, 125 ,100%
l10n/po/zh_CN/_posts/2019-11-13-vodafone-greece-replaces-spring-boot.adoc.po, 0, 39, 0, 1621 ,100%
l10n/po/zh_CN/_posts/2019-11-08-quarkus-for-spring-developers.adoc.po, 0, 43, 0, 1011 ,100%
l10n/po/zh_CN/_posts/2019-11-06-gowithflow-chooses-quarkus-to-deliver-fast-to-production.adoc.po, 0, 41, 0, 1006 ,100%
l10n/po/zh_CN/_posts/2019-11-06-announcing-quarkus-1-0.adoc.po, 0, 12, 0, 392 ,100%
l10n/po/zh_CN/_posts/2019-11-04-quarkus-0-28-1-released.adoc.po, 0, 30, 0, 499 ,100%
l10n/po/zh_CN/_posts/2019-10-31-vscode-quarkus-1.1.0.adoc.po, 0, 42, 0, 395 ,100%
l10n/po/zh_CN/_posts/2019-10-30-quarkus-0-27-0-released.adoc.po, 0, 40, 0, 723 ,100%
l10n/po/zh_CN/_posts/2019-10-23-quarkus-0-26-1-released.adoc.po, 0, 28, 0, 444 ,100%
l10n/po/zh_CN/_posts/2019-10-16-quarkus-0-25.0-released.adoc.po, 0, 36, 0, 476 ,100%
l10n/po/zh_CN/_posts/2019-10-15-quarkus-on-jboss-asylum-podcast.adoc.po, 0, 7, 0, 122 ,100%
l10n/po/zh_CN/_posts/2019-10-12-quarkus-0-24.0-released.adoc.po, 0, 58, 0, 1162 ,100%
l10n/po/zh_CN/_posts/2019-10-02-quarkus-0-23-2-released.adoc.po, 0, 22, 0, 350 ,100%
l10n/po/zh_CN/_posts/2019-10-01-quarkus-newsletter-1.adoc.po, 0, 6, 0, 97 ,100%
l10n/po/zh_CN/_posts/2019-09-26-quarkus-0-23-1-released.adoc.po, 0, 53, 0, 846 ,100%
l10n/po/zh_CN/_posts/2019-09-23-quarkus-developer-joy-for-vs-code.adoc.po, 0, 72, 0, 1162 ,100%
l10n/po/zh_CN/_posts/2019-09-16-quarkus-0-22-0-released.adoc.po, 0, 24, 0, 377 ,100%
l10n/po/zh_CN/_posts/2019-09-05-quarkus-0-21-2-released.adoc.po, 0, 17, 0, 217 ,100%
l10n/po/zh_CN/_posts/2019-08-15-quarkus-0-21-1-released.adoc.po, 0, 18, 0, 244 ,100%
l10n/po/zh_CN/_posts/2019-08-01-quarkus-app-circleci-build.adoc.po, 0, 42, 0, 913 ,100%
l10n/po/zh_CN/_posts/2019-08-01-hibernate-orm-config-profiles.adoc.po, 0, 17, 0, 557 ,100%
l10n/po/zh_CN/_posts/2019-07-31-quarkus-0-20-0-released.adoc.po, 0, 51, 0, 982 ,100%
l10n/po/zh_CN/_posts/2019-07-25-quarkus-dependency-injection.adoc.po, 0, 53, 0, 1085 ,100%
l10n/po/zh_CN/_posts/2019-07-11-quarkus-0-19.1-released.adoc.po, 0, 43, 0, 679 ,100%
l10n/po/zh_CN/_posts/2019-07-08-runtime-performance.adoc.po, 0, 236, 0, 1676 ,100%
l10n/po/zh_CN/_posts/2019-06-27-quarkus-0-18-released.adoc.po, 0, 31, 0, 544 ,100%
l10n/po/zh_CN/_posts/2019-06-26-kafka-streams-applications-with-quarkus-and-microprofile.adoc.po, 0, 78, 0, 1666 ,100%
l10n/po/zh_CN/_posts/2019-06-18-hibernate-search-extension.adoc.po, 0, 36, 0, 538 ,100%
l10n/po/zh_CN/_posts/2019-06-05-quarkus-and-web-ui-development-mode.adoc.po, 0, 56, 0, 1412 ,100%
l10n/po/zh_CN/_posts/2019-05-08-welcome.adoc.po, 0, 6, 0, 89 ,100%
l10n/po/zh_CN/_posts/2019-05-05-quarkus-has-a-new-logo.adoc.po, 0, 25, 0, 394 ,100%
l10n/po/zh_CN/_posts/2020-04-08-why-did-payair-technologies-switch-to-quarkus.adoc.po, 1, 44, 21, 1333 ,99%
l10n/po/zh_CN/_guides/writing-native-applications-tips.adoc.po, 0, 115, 0, 1889 ,100%
l10n/po/zh_CN/_guides/writing-extensions.adoc.po, 0, 883, 0, 16858 ,100%
l10n/po/zh_CN/_guides/websockets.adoc.po, 0, 66, 0, 807 ,100%
l10n/po/zh_CN/_guides/vertx.adoc.po, 0, 123, 0, 1775 ,100%
l10n/po/zh_CN/_guides/vertx-reference.adoc.po, 0, 289, 0, 3277 ,100%
l10n/po/zh_CN/_guides/vault.adoc.po, 0, 172, 0, 2262 ,100%
l10n/po/zh_CN/_guides/vault-transit.adoc.po, 0, 70, 0, 879 ,100%
l10n/po/zh_CN/_guides/vault-pki.adoc.po, 0, 69, 0, 853 ,100%
l10n/po/zh_CN/_guides/vault-datasource.adoc.po, 0, 86, 0, 1352 ,100%
l10n/po/zh_CN/_guides/vault-auth.adoc.po, 0, 109, 0, 1741 ,100%
l10n/po/zh_CN/_guides/validation.adoc.po, 0, 138, 0, 1852 ,100%
l10n/po/zh_CN/_guides/upx.adoc.po, 0, 28, 0, 314 ,100%
l10n/po/zh_CN/_guides/transaction.adoc.po, 0, 89, 0, 1993 ,100%
l10n/po/zh_CN/_guides/topic/standards.adoc.po, 0, 10, 0, 183 ,100%
l10n/po/zh_CN/_guides/topic/publications.adoc.po, 0, 5, 0, 37 ,100%
l10n/po/zh_CN/_guides/topic/developer-joy.adoc.po, 0, 21, 0, 603 ,100%
l10n/po/zh_CN/_guides/topic/continuum.adoc.po, 0, 56, 0, 1043 ,100%
l10n/po/zh_CN/_guides/topic/container-first.adoc.po, 0, 12, 0, 259 ,100%
l10n/po/zh_CN/_guides/topic/community.adoc.po, 0, 28, 0, 291 ,100%
l10n/po/zh_CN/_guides/topic/architecture.adoc.po, 0, 18, 0, 681 ,100%
l10n/po/zh_CN/_guides/tooling.adoc.po, 0, 18, 0, 161 ,100%
l10n/po/zh_CN/_guides/tika.adoc.po, 0, 58, 0, 756 ,100%
l10n/po/zh_CN/_guides/tests-with-coverage.adoc.po, 0, 82, 0, 1114 ,100%
l10n/po/zh_CN/_guides/stork.adoc.po, 1, 103, 4, 1344 ,100%
l10n/po/zh_CN/_guides/stork-reference.adoc.po, 0, 81, 0, 1257 ,100%
l10n/po/zh_CN/_guides/stork-kubernetes.adoc.po, 0, 106, 0, 1915 ,100%
l10n/po/zh_CN/_guides/status-include.adoc.po, 0, 5, 0, 122 ,100%
l10n/po/zh_CN/_guides/spring-web.adoc.po, 0, 141, 0, 1374 ,100%
l10n/po/zh_CN/_guides/spring-security.adoc.po, 0, 134, 0, 1527 ,100%
l10n/po/zh_CN/_guides/spring-scheduled.adoc.po, 0, 84, 0, 920 ,100%
l10n/po/zh_CN/_guides/spring-di.adoc.po, 0, 109, 0, 1200 ,100%
l10n/po/zh_CN/_guides/spring-data-rest.adoc.po, 0, 145, 0, 1437 ,100%
l10n/po/zh_CN/_guides/spring-data-jpa.adoc.po, 0, 179, 0, 2041 ,100%
l10n/po/zh_CN/_guides/spring-cloud-config-client.adoc.po, 0, 46, 0, 499 ,100%
l10n/po/zh_CN/_guides/spring-cache.adoc.po, 0, 73, 0, 904 ,100%
l10n/po/zh_CN/_guides/spring-boot-properties.adoc.po, 0, 86, 0, 877 ,100%
l10n/po/zh_CN/_guides/software-transactional-memory.adoc.po, 0, 54, 0, 2031 ,100%
l10n/po/zh_CN/_guides/smallrye-metrics.adoc.po, 0, 64, 0, 962 ,100%
l10n/po/zh_CN/_guides/smallrye-kafka-outgoing.adoc.po, 0, 85, 0, 952 ,100%
l10n/po/zh_CN/_guides/smallrye-kafka-incoming.adoc.po, 0, 101, 0, 1201 ,100%
l10n/po/zh_CN/_guides/smallrye-health.adoc.po, 0, 115, 0, 1846 ,100%
l10n/po/zh_CN/_guides/smallrye-graphql.adoc.po, 0, 235, 0, 2930 ,100%
l10n/po/zh_CN/_guides/smallrye-graphql-client.adoc.po, 0, 86, 0, 1585 ,100%
l10n/po/zh_CN/_guides/smallrye-fault-tolerance.adoc.po, 0, 125, 0, 2271 ,100%
l10n/po/zh_CN/_guides/sending-emails.adoc.po, 0, 79, 0, 1125 ,100%
l10n/po/zh_CN/_guides/security.adoc.po, 0, 134, 0, 2419 ,100%
l10n/po/zh_CN/_guides/security-webauthn.adoc.po, 0, 227, 0, 4054 ,100%
l10n/po/zh_CN/_guides/security-testing.adoc.po, 0, 28, 0, 484 ,100%
l10n/po/zh_CN/_guides/security-properties.adoc.po, 0, 46, 0, 673 ,100%
l10n/po/zh_CN/_guides/security-openid-connect.adoc.po, 0, 287, 0, 5166 ,100%
l10n/po/zh_CN/_guides/security-openid-connect-web-authentication.adoc.po, 0, 404, 0, 8370 ,100%
l10n/po/zh_CN/_guides/security-openid-connect-providers.adoc.po, 0, 149, 0, 1391 ,100%
l10n/po/zh_CN/_guides/security-openid-connect-multitenancy.adoc.po, 0, 149, 0, 2215 ,100%
l10n/po/zh_CN/_guides/security-openid-connect-dev-services.adoc.po, 0, 138, 0, 3218 ,100%
l10n/po/zh_CN/_guides/security-openid-connect-client.adoc.po, 0, 139, 0, 1836 ,100%
l10n/po/zh_CN/_guides/security-openid-connect-client-reference.adoc.po, 0, 231, 0, 3915 ,100%
l10n/po/zh_CN/_guides/security-oauth2.adoc.po, 0, 113, 0, 1782 ,100%
l10n/po/zh_CN/_guides/security-ldap.adoc.po, 0, 66, 0, 803 ,100%
l10n/po/zh_CN/_guides/security-keycloak-authorization.adoc.po, 0, 146, 0, 2259 ,100%
l10n/po/zh_CN/_guides/security-jwt.adoc.po, 0, 348, 0, 5513 ,100%
l10n/po/zh_CN/_guides/security-jwt-build.adoc.po, 0, 147, 0, 2529 ,100%
l10n/po/zh_CN/_guides/security-jpa.adoc.po, 0, 103, 0, 1428 ,100%
l10n/po/zh_CN/_guides/security-jdbc.adoc.po, 0, 77, 0, 1040 ,100%
l10n/po/zh_CN/_guides/security-getting-started.adoc.po, 0, 149, 0, 2114 ,100%
l10n/po/zh_CN/_guides/security-customization.adoc.po, 0, 138, 0, 1970 ,100%
l10n/po/zh_CN/_guides/security-built-in-authentication.adoc.po, 0, 58, 0, 1187 ,100%
l10n/po/zh_CN/_guides/security-authorization.adoc.po, 0, 79, 0, 1571 ,100%
l10n/po/zh_CN/_guides/scripting.adoc.po, 2, 108, 14, 1699 ,100%
l10n/po/zh_CN/_guides/scheduler.adoc.po, 0, 59, 0, 619 ,100%
l10n/po/zh_CN/_guides/scheduler-reference.adoc.po, 0, 109, 0, 1794 ,100%
l10n/po/zh_CN/_guides/resteasy.adoc.po, 0, 215, 0, 3487 ,100%
l10n/po/zh_CN/_guides/resteasy-reactive.adoc.po, 0, 634, 0, 8564 ,100%
l10n/po/zh_CN/_guides/resteasy-reactive-migration.adoc.po, 0, 84, 0, 1038 ,100%
l10n/po/zh_CN/_guides/rest-json.adoc.po, 0, 148, 0, 2085 ,100%
l10n/po/zh_CN/_guides/rest-data-panache.adoc.po, 0, 100, 0, 1406 ,100%
l10n/po/zh_CN/_guides/rest-client.adoc.po, 0, 167, 0, 2394 ,100%
l10n/po/zh_CN/_guides/rest-client-reactive.adoc.po, 0, 255, 0, 3770 ,100%
l10n/po/zh_CN/_guides/rest-client-multipart.adoc.po, 0, 87, 0, 1238 ,100%
l10n/po/zh_CN/_guides/redis.adoc.po, 0, 135, 0, 1393 ,100%
l10n/po/zh_CN/_guides/redis-reference.adoc.po, 0, 205, 0, 2523 ,100%
l10n/po/zh_CN/_guides/redis-dev-services.adoc.po, 0, 10, 0, 270 ,100%
l10n/po/zh_CN/_guides/reaugmentation.adoc.po, 0, 22, 0, 683 ,100%
l10n/po/zh_CN/_guides/reactive-sql-clients.adoc.po, 0, 199, 0, 2250 ,100%
l10n/po/zh_CN/_guides/reactive-routes.adoc.po, 0, 227, 0, 3060 ,100%
l10n/po/zh_CN/_guides/reactive-messaging-websocket.adoc.po, 0, 96, 0, 1095 ,100%
l10n/po/zh_CN/_guides/reactive-messaging-http.adoc.po, 0, 96, 0, 1016 ,100%
l10n/po/zh_CN/_guides/reactive-event-bus.adoc.po, 0, 106, 0, 1328 ,100%
l10n/po/zh_CN/_guides/rabbitmq.adoc.po, 0, 120, 0, 1623 ,100%
l10n/po/zh_CN/_guides/rabbitmq-reference.adoc.po, 0, 272, 0, 2743 ,100%
l10n/po/zh_CN/_guides/rabbitmq-dev-services.adoc.po, 0, 38, 0, 645 ,100%
l10n/po/zh_CN/_guides/qute.adoc.po, 0, 133, 0, 1646 ,100%
l10n/po/zh_CN/_guides/qute-reference.adoc.po, 0, 826, 0, 11154 ,100%
l10n/po/zh_CN/_guides/quartz.adoc.po, 0, 126, 0, 1289 ,100%
l10n/po/zh_CN/_guides/quarkus-runtime-base-image.adoc.po, 0, 28, 0, 359 ,100%
l10n/po/zh_CN/_guides/quarkus-reactive-architecture.adoc.po, 0, 75, 0, 1681 ,100%
l10n/po/zh_CN/_guides/quarkus-intro.adoc.po, 0, 38, 0, 200 ,100%
l10n/po/zh_CN/_guides/quarkus-blaze-persistence.adoc.po, 0, 17, 0, 655 ,100%
l10n/po/zh_CN/_guides/podman.adoc.po, 0, 42, 0, 716 ,100%
l10n/po/zh_CN/_guides/platform.adoc.po, 0, 62, 0, 1437 ,100%
l10n/po/zh_CN/_guides/platform-include.adoc.po, 0, 1, 0, 15 ,100%
l10n/po/zh_CN/_guides/picocli.adoc.po, 0, 74, 0, 887 ,100%
l10n/po/zh_CN/_guides/performance-measure.adoc.po, 0, 89, 0, 1350 ,100%
l10n/po/zh_CN/_guides/optaplanner.adoc.po, 0, 241, 0, 4101 ,100%
l10n/po/zh_CN/_guides/opentracing.adoc.po, 0, 93, 0, 1223 ,100%
l10n/po/zh_CN/_guides/opentelemetry.adoc.po, 0, 108, 0, 1387 ,100%
l10n/po/zh_CN/_guides/openapi-swaggerui.adoc.po, 0, 129, 0, 1767 ,100%
l10n/po/zh_CN/_guides/neo4j.adoc.po, 0, 142, 0, 2118 ,100%
l10n/po/zh_CN/_guides/native-reference.adoc.po, 0, 347, 0, 8926 ,100%
l10n/po/zh_CN/_guides/native-and-ssl.adoc.po, 0, 109, 0, 1509 ,100%
l10n/po/zh_CN/_guides/mutiny-primer.adoc.po, 0, 141, 0, 2094 ,100%
l10n/po/zh_CN/_guides/mongodb.adoc.po, 0, 187, 0, 2761 ,100%
l10n/po/zh_CN/_guides/mongodb-panache.adoc.po, 0, 323, 0, 5304 ,100%
l10n/po/zh_CN/_guides/mongodb-panache-kotlin.adoc.po, 0, 48, 0, 928 ,100%
l10n/po/zh_CN/_guides/micrometer.adoc.po, 0, 114, 0, 2631 ,100%
l10n/po/zh_CN/_guides/maven-tooling.adoc.po, 0, 281, 0, 5743 ,100%
l10n/po/zh_CN/_guides/mailer.adoc.po, 0, 71, 0, 908 ,100%
l10n/po/zh_CN/_guides/mailer-reference.adoc.po, 0, 94, 0, 1568 ,100%
l10n/po/zh_CN/_guides/lra.adoc.po, 0, 30, 0, 1260 ,100%
l10n/po/zh_CN/_guides/logging.adoc.po, 0, 251, 0, 2567 ,100%
l10n/po/zh_CN/_guides/logging-sentry.adoc.po, 0, 26, 0, 349 ,100%
l10n/po/zh_CN/_guides/liquibase.adoc.po, 0, 58, 0, 743 ,100%
l10n/po/zh_CN/_guides/liquibase-mongodb.adoc.po, 0, 42, 0, 481 ,100%
l10n/po/zh_CN/_guides/lifecycle.adoc.po, 0, 80, 0, 1121 ,100%
l10n/po/zh_CN/_guides/kubernetes-config.adoc.po, 0, 49, 0, 914 ,100%
l10n/po/zh_CN/_guides/kubernetes-client.adoc.po, 0, 98, 0, 1322 ,100%
l10n/po/zh_CN/_guides/kotlin.adoc.po, 0, 155, 0, 1965 ,100%
l10n/po/zh_CN/_guides/kogito.adoc.po, 0, 152, 0, 1886 ,100%
l10n/po/zh_CN/_guides/kogito-pmml.adoc.po, 0, 55, 0, 666 ,100%
l10n/po/zh_CN/_guides/kogito-drl.adoc.po, 0, 92, 0, 1073 ,100%
l10n/po/zh_CN/_guides/kogito-dmn.adoc.po, 0, 94, 0, 1217 ,100%
l10n/po/zh_CN/_guides/kogito-dev-services.adoc.po, 0, 25, 0, 361 ,100%
l10n/po/zh_CN/_guides/kogito-dev-services-build-time-config.adoc.po, 0, 16, 0, 327 ,100%
l10n/po/zh_CN/_guides/kafka.adoc.po, 2, 771, 2, 13285 ,100%
l10n/po/zh_CN/_guides/kafka-streams.adoc.po, 1, 270, 1, 4362 ,100%
l10n/po/zh_CN/_guides/kafka-schema-registry-avro.adoc.po, 1, 155, 6, 2388 ,100%
l10n/po/zh_CN/_guides/kafka-reactive-getting-started.adoc.po, 0, 124, 0, 1824 ,100%
l10n/po/zh_CN/_guides/kafka-dev-services.adoc.po, 0, 33, 0, 567 ,100%
l10n/po/zh_CN/_guides/jreleaser.adoc.po, 0, 89, 0, 2688 ,100%
l10n/po/zh_CN/_guides/jms.adoc.po, 0, 87, 0, 1096 ,100%
l10n/po/zh_CN/_guides/jgit.adoc.po, 0, 11, 0, 130 ,100%
l10n/po/zh_CN/_guides/infinispan-embedded.adoc.po, 0, 28, 0, 232 ,100%
l10n/po/zh_CN/_guides/infinispan-client.adoc.po, 0, 152, 0, 2357 ,100%
l10n/po/zh_CN/_guides/includes/prerequisites.adoc.po, 0, 11, 0, 86 ,100%
l10n/po/zh_CN/_guides/includes/extension-status.adoc.po, 0, 6, 0, 141 ,100%
l10n/po/zh_CN/_guides/includes/extension-add.adoc.po, 0, 6, 0, 13 ,100%
l10n/po/zh_CN/_guides/includes/devtools/test.adoc.po, 0, 4, 0, 6 ,100%
l10n/po/zh_CN/_guides/includes/devtools/prerequisites.adoc.po, 0, 11, 0, 79 ,100%
l10n/po/zh_CN/_guides/includes/devtools/extension-list.adoc.po, 0, 6, 0, 9 ,100%
l10n/po/zh_CN/_guides/includes/devtools/extension-add.adoc.po, 0, 6, 0, 13 ,100%
l10n/po/zh_CN/_guides/includes/devtools/dev.adoc.po, 0, 6, 0, 32 ,100%
l10n/po/zh_CN/_guides/includes/devtools/dev-parameters.adoc.po, 0, 6, 0, 13 ,100%
l10n/po/zh_CN/_guides/includes/devtools/create-cli.adoc.po, 0, 7, 0, 141 ,100%
l10n/po/zh_CN/_guides/includes/devtools/create-app.adoc.po, 0, 7, 0, 153 ,100%
l10n/po/zh_CN/_guides/includes/devtools/build.adoc.po, 0, 6, 0, 32 ,100%
l10n/po/zh_CN/_guides/includes/devtools/build-native.adoc.po, 0, 6, 0, 40 ,100%
l10n/po/zh_CN/_guides/includes/devtools/build-native-container.adoc.po, 0, 6, 0, 70 ,100%
l10n/po/zh_CN/_guides/includes/devtools/build-native-container-parameters.adoc.po, 0, 6, 0, 26 ,100%
l10n/po/zh_CN/_guides/includes/dev.adoc.po, 0, 6, 0, 10 ,100%
l10n/po/zh_CN/_guides/includes/create-app.adoc.po, 0, 7, 0, 85 ,100%
l10n/po/zh_CN/_guides/includes/compile-quarkus-quickly.adoc.po, 0, 4, 0, 56 ,100%
l10n/po/zh_CN/_guides/includes/build.adoc.po, 0, 6, 0, 10 ,100%
l10n/po/zh_CN/_guides/includes/build-native.adoc.po, 0, 6, 0, 14 ,100%
l10n/po/zh_CN/_guides/ide-tooling.adoc.po, 0, 49, 0, 252 ,100%
l10n/po/zh_CN/_guides/ide-configuration.adoc.po, 0, 62, 0, 536 ,100%
l10n/po/zh_CN/_guides/http-reference.adoc.po, 0, 204, 0, 2294 ,100%
l10n/po/zh_CN/_guides/hibernate-search-orm-elasticsearch.adoc.po, 0, 276, 0, 4475 ,100%
l10n/po/zh_CN/_guides/hibernate-reactive.adoc.po, 0, 78, 0, 972 ,100%
l10n/po/zh_CN/_guides/hibernate-reactive-panache.adoc.po, 0, 262, 0, 4228 ,100%
l10n/po/zh_CN/_guides/hibernate-orm.adoc.po, 0, 326, 0, 5669 ,100%
l10n/po/zh_CN/_guides/hibernate-orm-panache.adoc.po, 0, 287, 0, 4458 ,100%
l10n/po/zh_CN/_guides/hibernate-orm-panache-kotlin.adoc.po, 0, 53, 0, 988 ,100%
l10n/po/zh_CN/_guides/grpc.adoc.po, 0, 12, 0, 129 ,100%
l10n/po/zh_CN/_guides/grpc-service-implementation.adoc.po, 0, 103, 0, 1500 ,100%
l10n/po/zh_CN/_guides/grpc-service-consumption.adoc.po, 0, 109, 0, 1375 ,100%
l10n/po/zh_CN/_guides/grpc-getting-started.adoc.po, 0, 102, 0, 1521 ,100%
l10n/po/zh_CN/_guides/gradle-tooling.adoc.po, 0, 150, 0, 2480 ,100%
l10n/po/zh_CN/_guides/gradle-config.adoc.po, 0, 9, 0, 100 ,100%
l10n/po/zh_CN/_guides/getting-started-testing.adoc.po, 0, 339, 0, 6054 ,100%
l10n/po/zh_CN/_guides/getting-started-reactive.adoc.po, 1, 99, 5, 2020 ,100%
l10n/po/zh_CN/_guides/gcp-functions.adoc.po, 0, 111, 0, 1840 ,100%
l10n/po/zh_CN/_guides/gcp-functions-http.adoc.po, 0, 64, 0, 879 ,100%
l10n/po/zh_CN/_guides/funqy.adoc.po, 0, 40, 0, 891 ,100%
l10n/po/zh_CN/_guides/funqy-knative-events.adoc.po, 0, 91, 0, 1909 ,100%
l10n/po/zh_CN/_guides/funqy-http.adoc.po, 0, 63, 0, 905 ,100%
l10n/po/zh_CN/_guides/funqy-gcp-functions.adoc.po, 0, 89, 0, 1389 ,100%
l10n/po/zh_CN/_guides/funqy-gcp-functions-http.adoc.po, 0, 16, 0, 309 ,100%
l10n/po/zh_CN/_guides/funqy-azure-functions-http.adoc.po, 0, 4, 0, 134 ,100%
l10n/po/zh_CN/_guides/funqy-amazon-lambda.adoc.po, 0, 93, 0, 1498 ,100%
l10n/po/zh_CN/_guides/funqy-amazon-lambda-http.adoc.po, 0, 16, 0, 304 ,100%
l10n/po/zh_CN/_guides/flyway.adoc.po, 0, 54, 0, 758 ,100%
l10n/po/zh_CN/_guides/faq.adoc.po, 0, 10, 0, 77 ,100%
l10n/po/zh_CN/_guides/extension-registry-user.adoc.po, 0, 72, 0, 1456 ,100%
l10n/po/zh_CN/_guides/extension-metadata.adoc.po, 0, 51, 0, 1039 ,100%
l10n/po/zh_CN/_guides/extension-codestart.adoc.po, 0, 152, 0, 2175 ,100%
l10n/po/zh_CN/_guides/elasticsearch.adoc.po, 0, 122, 0, 2198 ,100%
l10n/po/zh_CN/_guides/elasticsearch-dev-services.adoc.po, 0, 25, 0, 354 ,100%
l10n/po/zh_CN/_guides/duration-format-note.adoc.po, 0, 2, 0, 70 ,100%
l10n/po/zh_CN/_guides/doc-reference.adoc.po, 0, 68, 0, 788 ,100%
l10n/po/zh_CN/_guides/doc-create-tutorial.adoc.po, 0, 146, 0, 1839 ,100%
l10n/po/zh_CN/_guides/doc-contribute-quarkus-docs-howto.adoc.po, 0, 27, 0, 415 ,100%
l10n/po/zh_CN/_guides/doc-concepts.adoc.po, 0, 38, 0, 468 ,100%
l10n/po/zh_CN/_guides/dev-ui.adoc.po, 0, 106, 0, 1495 ,100%
l10n/po/zh_CN/_guides/dev-services.adoc.po, 0, 35, 0, 796 ,100%
l10n/po/zh_CN/_guides/dev-mode-differences.adoc.po, 0, 45, 0, 722 ,100%
l10n/po/zh_CN/_guides/deploying-to-openshift.adoc.po, 0, 160, 0, 1949 ,100%
l10n/po/zh_CN/_guides/deploying-to-kubernetes.adoc.po, 0, 368, 0, 5759 ,100%
l10n/po/zh_CN/_guides/deploying-to-heroku.adoc.po, 0, 63, 0, 950 ,100%
l10n/po/zh_CN/_guides/deploying-to-google-cloud.adoc.po, 0, 101, 0, 1567 ,100%
l10n/po/zh_CN/_guides/deploying-to-azure-cloud.adoc.po, 0, 61, 0, 839 ,100%
l10n/po/zh_CN/_guides/datasource.adoc.po, 0, 276, 0, 3038 ,100%
l10n/po/zh_CN/_guides/databases-dev-services.adoc.po, 0, 58, 0, 736 ,100%
l10n/po/zh_CN/_guides/credentials-provider.adoc.po, 0, 58, 0, 792 ,100%
l10n/po/zh_CN/_guides/continuous-testing.adoc.po, 0, 49, 0, 876 ,100%
l10n/po/zh_CN/_guides/context-propagation.adoc.po, 0, 87, 0, 1472 ,100%
l10n/po/zh_CN/_guides/container-image.adoc.po, 0, 69, 0, 1267 ,100%
l10n/po/zh_CN/_guides/consul-config.adoc.po, 0, 48, 0, 685 ,100%
l10n/po/zh_CN/_guides/config.adoc.po, 0, 83, 0, 900 ,100%
l10n/po/zh_CN/_guides/config-yaml.adoc.po, 0, 48, 0, 588 ,100%
l10n/po/zh_CN/_guides/config-reference.adoc.po, 0, 196, 0, 2688 ,100%
l10n/po/zh_CN/_guides/config-mappings.adoc.po, 0, 186, 0, 2000 ,100%
l10n/po/zh_CN/_guides/config-extending-support.adoc.po, 0, 103, 0, 1374 ,100%
l10n/po/zh_CN/_guides/conditional-extension-dependencies.adoc.po, 0, 41, 0, 811 ,100%
l10n/po/zh_CN/_guides/command-mode-reference.adoc.po, 0, 82, 0, 1244 ,100%
l10n/po/zh_CN/_guides/cli-tooling.adoc.po, 0, 141, 0, 2094 ,100%
l10n/po/zh_CN/_guides/class-loading-reference.adoc.po, 0, 63, 0, 1457 ,100%
l10n/po/zh_CN/_guides/centralized-log-management.adoc.po, 0, 86, 0, 1254 ,100%
l10n/po/zh_CN/_guides/cdi.adoc.po, 0, 167, 0, 2494 ,100%
l10n/po/zh_CN/_guides/cdi-reference.adoc.po, 0, 313, 0, 4814 ,100%
l10n/po/zh_CN/_guides/cdi-integration.adoc.po, 0, 180, 0, 2946 ,100%
l10n/po/zh_CN/_guides/cassandra.adoc.po, 0, 200, 0, 3393 ,100%
l10n/po/zh_CN/_guides/capabilities.adoc.po, 0, 57, 0, 909 ,100%
l10n/po/zh_CN/_guides/camel.adoc.po, 0, 3, 0, 59 ,100%
l10n/po/zh_CN/_guides/cache.adoc.po, 0, 241, 0, 3781 ,100%
l10n/po/zh_CN/_guides/building-substrate-howto.adoc.po, 0, 24, 0, 260 ,100%
l10n/po/zh_CN/_guides/building-native-image.adoc.po, 0, 219, 0, 4547 ,100%
l10n/po/zh_CN/_guides/building-my-first-extension.adoc.po, 0, 239, 0, 4173 ,100%
l10n/po/zh_CN/_guides/blaze-persistence.adoc.po, 0, 62, 0, 696 ,100%
l10n/po/zh_CN/_guides/azure-functions-http.adoc.po, 0, 43, 0, 619 ,100%
l10n/po/zh_CN/_guides/apicurio-registry-dev-services.adoc.po, 0, 24, 0, 448 ,100%
l10n/po/zh_CN/_guides/amqp.adoc.po, 2, 114, 3, 1589 ,100%
l10n/po/zh_CN/_guides/amqp-reference.adoc.po, 0, 252, 0, 3044 ,100%
l10n/po/zh_CN/_guides/amqp-dev-services.adoc.po, 0, 18, 0, 306 ,100%
l10n/po/zh_CN/_guides/amazon-ssm.adoc.po, 0, 97, 0, 1284 ,100%
l10n/po/zh_CN/_guides/amazon-sqs.adoc.po, 0, 107, 0, 1672 ,100%
l10n/po/zh_CN/_guides/amazon-sns.adoc.po, 0, 177, 0, 2526 ,100%
l10n/po/zh_CN/_guides/amazon-ses.adoc.po, 0, 78, 0, 1241 ,100%
l10n/po/zh_CN/_guides/amazon-s3.adoc.po, 0, 147, 0, 1999 ,100%
l10n/po/zh_CN/_guides/amazon-lambda.adoc.po, 0, 204, 0, 3503 ,100%
l10n/po/zh_CN/_guides/amazon-lambda-http.adoc.po, 0, 138, 0, 2548 ,100%
l10n/po/zh_CN/_guides/amazon-kms.adoc.po, 0, 81, 0, 1225 ,100%
l10n/po/zh_CN/_guides/amazon-iam.adoc.po, 0, 7, 0, 102 ,100%
l10n/po/zh_CN/_guides/amazon-dynamodb.adoc.po, 0, 129, 0, 1620 ,100%
l10n/po/zh_CN/_guides/amazon-credentials.adoc.po, 0, 5, 0, 64 ,100%
l10n/po/zh_CN/_guides/all-config.adoc.po, 0, 3, 0, 5 ,100%
l10n/po/zh_CN/_guides/all-builditems.adoc.po, 0, 4, 0, 19 ,100%
l10n/po/zh_CN/_guides/_templates/template-tutorial.adoc.po, 0, 17, 0, 150 ,100%
l10n/po/zh_CN/_guides/_templates/template-reference.adoc.po, 0, 15, 0, 106 ,100%
l10n/po/zh_CN/_guides/_templates/template-howto.adoc.po, 0, 14, 0, 128 ,100%
l10n/po/zh_CN/_guides/_templates/template-concepts.adoc.po, 0, 16, 0, 196 ,100%
l10n/po/zh_CN/_guides/README.adoc.po, 0, 76, 0, 309 ,100%
l10n/po/zh_CN/_guides/0-glossary.adoc.po, 0, 24, 0, 132 ,100%
l10n/po/zh_CN/_guides/index2.adoc.po, 1, 48, 24, 255 ,91%
l10n/po/zh_CN/_guides/getting-started.adoc.po, 14, 130, 241, 1898 ,88%
